{
    "FreqShift": 542.7692,
    "AODcentrefreq": 145,
    "MWfreq": 240.008715,
    "pitime": 10,
    "MWpitime": 30,
    "3432pitime0": 9.262775,
    "3432pitime1": 6.13,
    "3432pitime2": 6.13,
    "3432pitime4": 6.13,
    "3432pitime5": 9.8884,
    "3432freq0": 80.50170983333334,
    "3432freq1": 83.0,
    "3432freq2": 81.2,
    "3432freq3": 80.50124433333333,
    "t_SBC_repump": 30,
    "t_pumping": 30,
    "t_pumping_D32": 130,
    "t_pumping_SF1": 6,
    "t_EITcooling": 1000,
    "amp_370_detection": 0.2,
    "amp_370_coolingdet": 0.22,
    "amp_370_symcooling": 0.22,
    "MWfreq_F": 3380.5370401666673,
    "370_pumping": [
        137,
        0.17
    ],
    "EOMconversion": [
        6.4165606,
        39.41,
        1.66,
        220.10456083333335
    ],
    "motorpos": [
        [
            [
                7.30334976,
                1755812343.4817126
            ],
            [
                5.25221268,
                1755812365.1079743
            ]
        ],
        [
            0,
            [
                7.10940508,
                1755812321.5510204
            ]
        ]
    ],
    "411_car_m2": [
        210.3354,
        6.5,
        0.246
    ],
    "411_car_m1": [
        214.95245,
        2.4577999999999998,
        0.18
    ],
    "411_car_0": [
        220.10456083333335,
        11.975075,
        0.246
    ],
    "411_car_p1": [
        225.24085000000002,
        1.4560499999999998,
        0.18
    ],
    "411_car_p2": [
        230.8554,
        7.3,
        0.18
    ],
    "411_relative_freq": {
        "411_car_m1": -5.1544999999999845,
        "411_car_0": 0.0,
        "411_car_p1": 5.13390000000004
    },
    "SB_freq": [
        1.4562,
        1.439,
        1.4146,
        1.3835,
        1.3462,
        1.3019
    ],
    "RSB_freq": [
        224.327,
        224.334,
        224.516,
        224.524,
        224.536,
        224.552,
        224.57,
        224.592
    ],
    "pitimelist": [
        0
    ],
    "MWpitimelist0": [
        30.812398,
        31.130227,
        30.942277,
        30.953744,
        30.917202,
        31.144844
    ],
    "MWpitimelist1": [
        30.78538,
        30.908653,
        30.982086,
        31.141758,
        31.184805,
        31.057772
    ],
    "MWpitimelist2": [
        30.856825,
        30.95828,
        31.132504,
        31.203744,
        31.144491,
        31.182072
    ],
    "MWpihalftimelist": [
        14.501824,
        14.545458,
        14.711018
    ],
    "MWpitimelistF": [
        2102.674099,
        2116.169415,
        2120.820316,
        2108.590464,
        2123.981988,
        2107.646235
    ],
    "MWpitimelistF2": [
        2096.072693,
        2115.558277,
        2109.292296,
        2102.3329,
        2097.967307,
        2103.896863
    ],
    "AODfreqlist": [
        [
            144.4372,
            143.9222,
            143.481,
            143.0516,
            142.6092,
            142.0945
        ],
        1755812343.4797175
    ],
    "AODfreqlist1": [
        [
            144.4372,
            143.9222,
            143.481,
            143.0516,
            142.6092,
            142.0945
        ],
        1755812343.4797175
    ],
    "AODfreqlist2": [
        [
            144.4372,
            143.9222,
            143.481,
            143.0516,
            142.6092,
            142.0945
        ],
        1755812299.5892165
    ],
    "acsspi1": [
        1.0512,
        1.0446,
        1.34,
        1.3211,
        1.6,
        1.6
    ],
    "acsspi2": [
        1.9441,
        1.173,
        1.5312,
        1.475,
        1.4855,
        1.7937
    ],
    "PixelAOD": [
        -0.029418749999999938,
        151.09025624999998
    ],
    "SBC_freq": [
        216.0789,
        216.3142
    ],
    "MWm1": [
        191.5106,
        26.1701
    ],
    "MWp1": [
        208.4985,
        21.7198
    ],
    "PMseq_DP": [
        0.22095,
        0.1998,
        0.1779,
        0.1405,
        0.08835,
        0.12,
        0.1637,
        0.1494,
        0.1189,
        0.08635,
        0.031,
        0.48005,
        0.3209,
        0.26345,
        -0.26345,
        -0.3209,
        -0.48005,
        -0.031,
        -0.08635,
        -0.1189,
        -0.1494,
        -0.1637,
        -0.12,
        -0.08835,
        -0.1405,
        -0.1779,
        -0.1998,
        -0.22095
    ],
    "pitime_Dexcite_addres": [
        1
    ],
    "car_freq_addres": [
        215.2581
    ],
    "car_amp_addres": [
        0.0061
    ]
}